<?xml version="1.0" encoding="UTF-8"?>
<project-private xmlns="http://www.netbeans.org/ns/project-private/1">
    <editor-bookmarks xmlns="http://www.netbeans.org/ns/editor-bookmarks/2" lastBookmarkId="0"/>
    <open-files xmlns="http://www.netbeans.org/ns/projectui-open-files/2">
        <group>
            <file>file:/C:/Users/Mukul/OneDrive/projects/CourseScheduler/CourseSchedulerTemplate/src/ScheduleEntry.java</file>
            <file>file:/C:/Users/Mukul/OneDrive/projects/CourseScheduler/CourseSchedulerTemplate/src/Courses.java</file>
            <file>file:/C:/Users/Mukul/OneDrive/projects/CourseScheduler/CourseSchedulerTemplate/src/MainFrame.java</file>
            <file>file:/C:/Users/Mukul/OneDrive/projects/CourseScheduler/CourseSchedulerTemplate/src/CourseQueries.java</file>
            <file>file:/C:/Users/Mukul/OneDrive/projects/CourseScheduler/CourseSchedulerTemplate/src/DBConnection.java</file>
            <file>file:/C:/Users/Mukul/OneDrive/projects/CourseScheduler/CourseSchedulerTemplate/src/SemesterQueries.java</file>
            <file>file:/C:/Users/Mukul/OneDrive/projects/CourseScheduler/CourseSchedulerTemplate/src/CourseEntry.java</file>
        </group>
    </open-files>
</project-private>
